title,description,price,image_count,review_count,label,url
Premium Wireless Earbuds,High fidelity sound with noise canceling and 30-hour battery life.,79.99,5,120,0,
Ultra Sleek Phone Case,Protective case with shock absorption and slim profile.,19.99,4,58,0,
Luxury Smart Watch,Best premium quality smart watch best premium quality smart watch best premium quality smart watch.,9.99,2,0,1,
Miracle Skin Cream,Amazing new hot sale cream. Limited time offer. Buy now.,4.99,1,0,1,
Handmade Ceramic Mug,Handmade mug with natural glaze. Each piece is unique.,28.0,6,34,0,
Accelerate Fat Burner - Premium Thermogenic Formula - Best Offer - Limited Stock,Accelerate Fat Burner is an advanced energy ketones. 100% all natural pure ketosis formula. Get Your EXCLUSIVE Discounted Bottle Of Accelerate Fat Burner by Clicking the Order Now Button. Just Pay $2.95. 100% Satisfaction Guaranteed.,0.48,1,0,1,https://edition-slogan.myshopify.com/cdn/shop/products/drugs-with-web_6e645e96-8cec-4bdf-a3d5-c7fdbd091d63_480x.png?v=1584594709
5G Male Plus Male Enhance - Free Trial - 60 Count - BEST OFFER - Limited Stock,Get Your EXCLUSIVE Discounted Product Of 5G Male Plus Supplement by Clicking the Order Now Button. Bigger & Long-lasting Erections. Maximum pleasure & intensified orgasms. Surge In Sex Drive & Energy. Ramps up stamina & staying power. Increased Sexual Confidence. Experience vitality & peak performance.,1.45,1,0,1,https://edition-slogan.myshopify.com/cdn/shop/products/5g-male-with-guarantee_480x.png?v=1584594755
Prache Anti Aging Cream Face Serum - Limited Time Offer,"Get Your EXCLUSIVE Discounted Product Of Prache Cream by Clicking the Order Now Button. Brighten Skin's Appearance. Restore Your Radiant, Firmer Skin. Smooth Look of Stubborn Fine Lines.",2.95,9,0,1,https://edition-slogan.myshopify.com/products/prache-anti-aging-cream-face-serum-limited-time-offer
Alpha Dietary Testosterone Male Enhancement Pills - Testosterone Support Male - Limited Stock,"Alpha Dietary Testosterone Male Enhancement Pills is a performance enhancer. Get Your EXCLUSIVE Discounted Bottle Of Alpha Dietary Male Pills by Clicking the Order Now Button. Stamina, Confidence, Sex drive. Real Results. Tested in double-blind placebo controlled clinical study. Like no other product. Proprietary formulation of ingredients. Works with first use. Get Your EXCLUSIVE Discounted Product Of Alpha Dietary Male by Clicking the Order Now Button. INTENSE SEX DRIVE & LIBIDO. BIGGER & LASTING ERECTIONS. LONGER SEXUAL STAYING POWER. INCREASED SEXUAL CONFIDENCE.",0.48,8,0,1,https://edition-slogan.myshopify.com/products/alpha-dietary-testosterone-male-enhancement-pills-testosterone-support-male-limited-stock
Apple Cider Vinegar - ACV Plus Keto Diet - Free Trial Bottle By Shark Tank - Limited Stock,"Free Trial Offer LIMITED STOCK - Shark Tanks Keto Diet Pills for Losing Weight, Fat Burner for Women Keto for Women 2020 Apple Cider Vinegar Plus is an advanced energy ketones. 100% all natural pure ketosis formula. Get Your EXCLUSIVE Discounted Bottle Of Apple Cider Vinegar Plus Diet by Clicking the Order Now Button. Just Pay $1.95 100% Satisfaction Guaranteed. What Do You Get? The 30 day Ketosis supplement that is sweeping the Nation! Warning: Due to extremely high media demand, there is limited supply of Apple Cider Vinegar Plus Keto Diet Pill By Shark Tank in stock and ready to ship within 24 hours.",1.95,8,0,1,https://edition-slogan.myshopify.com/products/apple-cider-vinegar-plus-acv-plus-keto-diet-free-trial-bottle-by-shark-tank-limited-stock
Balanced Health Keto Advanced Blend - 60 Count - Keto Diet - Limited Stock,"Balanced Health Keto Advanced Blend is an advanced energy ketones. 100% all natural pure ketosis formula. Get Your EXCLUSIVE Discounted Bottle Of Balanced Health Keto Advanced Blend by Clicking the Order Now Button. Just Pay $ 1.99 100% Satisfaction Guaranteed. What Do You Get? The 30 day ketosis supplement that is Sweeping the Nation! Warning: Due to extremely high media demand, there is limited supply of Keto Advanced Blend in stock and ready to ship within 24 hours.",2.95,10,0,1,https://edition-slogan.myshopify.com/products/keto-advanced-blend-60-count-keto-diet-limited-stock
Bluoxyn - Best Offer - Limited Stock,Get Your EXCLUSIVE Discounted Bottle Of Bluoxyn by Clicking the Order Now Button. Just Pay $1 Strengthens Roots Stimulates Regrowth Get Stronger Faster Increase Muscle Easier Upgrade Energy Rush Delivery Available. Get Your EXCLUSIVE Discounted Product Of Bluoxyn by Clicking the Order Now Button. ENHANCES Sex Drive & Libido ACHIEVE Bigger & Harder Erections LONGER Sexual Staying Power INCREASED Penis Length & Girth,2.95,9,0,1,https://edition-slogan.myshopify.com/products/bluoxyn-best-offer-limited-stock
DX Amp Male Enhancement Pills - Testosterone Support Male - Limited Stock,"DX Amp Testosterone Male Enhancement Pills is a performance enhancer .Get Your EXCLUSIVE Discounted Bottle Of DX Amp Male Pills by Clicking the Order Now Button. Stamina, Confidence, Sex drive Real Results Tested in double-blind placebo controlled clinical study Like no other product Proprietary formulation of ingredients Works with first use Get Your EXCLUSIVE Discounted Product Of DX Amp Male by Clicking the Order Now Button. INTENSE SEX DRIVE & LIBIDO BIGGER & LASTING ERECTIONS LONGER SEXUAL STAYING POWER INCREASED SEXUAL CONFIDENCE",0.48,8,0,1,https://edition-slogan.myshopify.com/products/dx-amp-male-enhancement-pills-testosterone-support-male-limited-stock
Hydressence Serum - Anti Aging Cream Face Serum - Best Anti Wrinke Skin Cream - Limited Time Offer,"Get Your EXCLUSIVE Discounted Bottle Of Hydressence Serum Anti Aging Cream Face Serum by Clicking the Order Now Button. Brighten Skin's Appearance Restore Your Radiant, Firmer Skin Smooth Look of Stubborn Fine Lines Get Your EXCLUSIVE Discounted Bottle Of Hydressence Serum Anti Aging Skin Cream Hydrating Moisturizer 100% Off Free Trial Bottle! Just Pay $ 1.95 100% Satisfaction Guaranteed.",4.95,8,0,1,https://edition-slogan.myshopify.com/products/hydressence-serum-anti-aging-cream-face-serum-best-anti-wrinke-skin-cream-limited-time-offer
the winter kit,,78.0,88,61,0,https://www.rhodeskin.com/products/the-winter-kit?variant=47233375174894
Deodorant Stick,,14.00 USD,13,158,0,https://meowmeowtweet.com/products/lavender-bergamot-deodorant-stick?variant=32320864976963
